{
    "name": "root",
    "metadata": {
        "timer_format_version": "0.1.0",
        "start_time_seconds": "1606106107",
        "python_version": "3.7.9 (tags/v3.7.9:13c94747c7, Aug 17 2020, 16:30:00) [MSC v.1900 64 bit (AMD64)]",
        "command_line_arguments": "C:\\workspace\\unity\\KartGameUnity\\KartGameUnity\\venv\\Scripts\\mlagents-learn Kart Agent.yaml --run-id=MyFirstKartRun --force",
        "mlagents_version": "0.21.1",
        "mlagents_envs_version": "0.21.1",
        "communication_protocol_version": "1.2.0",
        "tensorflow_version": "2.3.1",
        "numpy_version": "1.18.5",
        "end_time_seconds": "1606106152"
    },
    "total": 44.8139788,
    "count": 1,
    "self": 0.00719490000000178,
    "children": {
        "run_training.setup": {
            "total": 0.026240299999999994,
            "count": 1,
            "self": 0.026240299999999994
        },
        "TrainerController.start_learning": {
            "total": 44.7805436,
            "count": 1,
            "self": 0.10846409999975037,
            "children": {
                "TrainerController._reset_env": {
                    "total": 13.3255713,
                    "count": 1,
                    "self": 13.3255713
                },
                "TrainerController.advance": {
                    "total": 30.957722200000255,
                    "count": 3976,
                    "self": 0.05207350000019062,
                    "children": {
                        "env_step": {
                            "total": 30.905648700000064,
                            "count": 3976,
                            "self": 28.52897010000009,
                            "children": {
                                "SubprocessEnvManager._take_step": {
                                    "total": 2.326649100000111,
                                    "count": 3976,
                                    "self": 0.0955991000002161,
                                    "children": {
                                        "TFPolicy.evaluate": {
                                            "total": 2.231049999999895,
                                            "count": 3964,
                                            "self": 2.231049999999895
                                        }
                                    }
                                },
                                "workers": {
                                    "total": 0.05002949999986228,
                                    "count": 3975,
                                    "self": 0.0,
                                    "children": {
                                        "worker_root": {
                                            "total": 32.00281719999986,
                                            "count": 3975,
                                            "is_parallel": true,
                                            "self": 6.610315400000104,
                                            "children": {
                                                "steps_from_proto": {
                                                    "total": 0.0003478999999995125,
                                                    "count": 1,
                                                    "is_parallel": true,
                                                    "self": 0.00010659999999873548,
                                                    "children": {
                                                        "_process_vector_observation": {
                                                            "total": 0.000241300000000777,
                                                            "count": 4,
                                                            "is_parallel": true,
                                                            "self": 0.000241300000000777
                                                        }
                                                    }
                                                },
                                                "UnityEnvironment.step": {
                                                    "total": 25.392153899999755,
                                                    "count": 3975,
                                                    "is_parallel": true,
                                                    "self": 0.34883509999967544,
                                                    "children": {
                                                        "UnityEnvironment._generate_step_input": {
                                                            "total": 0.2348812000000695,
                                                            "count": 3975,
                                                            "is_parallel": true,
                                                            "self": 0.2348812000000695
                                                        },
                                                        "communicator.exchange": {
                                                            "total": 23.88818159999983,
                                                            "count": 3975,
                                                            "is_parallel": true,
                                                            "self": 23.88818159999983
                                                        },
                                                        "steps_from_proto": {
                                                            "total": 0.9202560000001814,
                                                            "count": 3975,
                                                            "is_parallel": true,
                                                            "self": 0.33423410000008325,
                                                            "children": {
                                                                "_process_vector_observation": {
                                                                    "total": 0.5860219000000981,
                                                                    "count": 15900,
                                                                    "is_parallel": true,
                                                                    "self": 0.5860219000000981
                                                                }
                                                            }
                                                        }
                                                    }
                                                }
                                            }
                                        }
                                    }
                                }
                            }
                        }
                    }
                },
                "trainer_threads": {
                    "total": 2.6699999999379997e-05,
                    "count": 1,
                    "self": 2.6699999999379997e-05,
                    "children": {
                        "thread_root": {
                            "total": 0.0,
                            "count": 0,
                            "is_parallel": true,
                            "self": 0.0,
                            "children": {
                                "trainer_advance": {
                                    "total": 30.789258599999975,
                                    "count": 15400,
                                    "is_parallel": true,
                                    "self": 0.53272919999986,
                                    "children": {
                                        "process_trajectory": {
                                            "total": 30.256529400000115,
                                            "count": 15400,