{
    "name": "root",
    "gauges": {
        "AutoPilot.Policy.Entropy.mean": {
            "value": 1.2180492877960205,
            "min": 1.2180492877960205,
            "max": 1.4194711446762085,
            "count": 59
        },
        "AutoPilot.Environment.EpisodeLength.mean": {
            "value": 271.49056603773585,
            "min": 271.49056603773585,
            "max": 737.6666666666666,
            "count": 59
        },
        "AutoPilot.Policy.ExtrinsicValueEstimate.mean": {
            "value": 9.083613395690918,
            "min": -0.09225194156169891,
            "max": 9.083613395690918,
            "count": 59
        },
        "AutoPilot.Environment.CumulativeReward.mean": {
            "value": 39.72827411998402,
            "min": -1.0417209960693536,
            "max": 39.72827411998402,
            "count": 59
        },
        "AutoPilot.Policy.ExtrinsicReward.mean": {
            "value": 39.72827411998402,
            "min": -1.0417209960693536,
            "max": 39.72827411998402,
            "count": 59
        },
        "AutoPilot.Losses.ValueLoss.mean": {
            "value": 0.16398020088672638,
            "min": 0.019954409450292587,
            "max": 0.5473474264144897,
            "count": 59
        },
        "AutoPilot.Losses.PolicyLoss.mean": {
            "value": 0.018241971731185913,
            "min": 0.01768910512328148,
            "max": 0.03585376217961311,
            "count": 59
        },
        "AutoPilot.Policy.LearningRate.mean": {
            "value": 0.00029999471735209227,
            "min": 0.00029999471735209227,
            "max": 0.0002999999560415745,
            "count": 59
        },
        "AutoPilot.Policy.Epsilon.mean": {
            "value": 0.19999822974205017,
            "min": 0.19999822974205017,
            "max": 0.19999998807907104,
            "count": 59
        },
        "AutoPilot.Policy.Beta.mean": {
            "value": 0.0009999825851991773,
            "min": 0.0009999825851991773,
            "max": 0.0009999998146668077,
            "count": 59
        },
        "AutoPilot.IsTraining.mean": {
            "value": 1.0,
            "min": 1.0,
            "max": 1.0,
            "count": 59
        }
    },
    "metadata": {
        "timer_format_version": "0.1.0",
        "start_time_seconds": "1607560080",
        "python_version": "3.7.9 (tags/v3.7.9:13c94747c7, Aug 17 2020, 16:30:00) [MSC v.1900 64 bit (AMD64)]",
        "command_line_arguments": "C:\\workspace\\unity\\KartGameUnity\\KartGameUnity\\venv\\Scripts\\mlagents-learn Kart Agent.yaml --run-id=MultiAgents --force --time-scale=10",
        "mlagents_version": "0.21.1",
        "mlagents_envs_version": "0.21.1",
        "communication_protocol_version": "1.2.0",
        "tensorflow_version": "2.3.1",
        "numpy_version": "1.18.5",
        "end_time_seconds": "1607560994"
    },
    "total": 914.3069306,
    "count": 1,
    "self": 0.007673599999975522,
    "children": {
        "run_training.setup": {
            "total": 0.018247300000000077,
            "count": 1,
            "self": 0.018247300000000077
        },
        "TrainerController.start_learning": {
            "total": 914.2810097,
            "count": 1,
            "self": 1.3620458999923812,
            "children": {
                "TrainerController._reset_env": {
                    "total": 8.6812843,
                    "count": 1,
                    "self": 8.6812843
                },
                "TrainerController.advance": {
                    "total": 903.9375312000077,
                    "count": 44143,
                    "self": 0.54886990001296,
                    "children": {
                        "env_step": {
                            "total": 903.3886612999947,
                            "count": 44143,
                            "self": 860.6413616000068,
                            "children": {
                                "SubprocessEnvManager._take_step": {
                                    "total": 42.19435829998472,
                                    "count": 44143,
                                    "self": 1.4070517999888565,
                                    "children": {
                                        "TFPolicy.evaluate": {
                                            "total": 40.787306499995864,
                                            "count": 42434,
                                            "self": 40.787306499995864
                                        }
                                    }
                                },
                                "workers": {
                                    "total": 0.5529414000032578,
                                    "count": 44142,
                                    "self": 0.0,
                                    "children": {
                                        "worker_root": {
                                            "total": 905.0100451999854,
                                            "count": 44142,
                                            "is_parallel": true,
                                            "self": 130.63568779999184,
                                            "children": {
                                                "steps_from_proto": {
                                                    "total": 0.0011362000000003647,
                                                    "count": 1,
                                                    "is_parallel": true,
                                                    "self": 0.00013480000000143377,
                                                    "children": {
                                                        "_process_vector_observation": {
                                                            "total": 0.001001399999998931,
                                                            "count": 6,
                                                            "is_parallel": true,
                                                            "self": 0.001001399999998931
                                                        }
                                                    }
                                                },
                                                "UnityEnvironment.step": {
                                                    "total": 774.3732211999935,
                                                    "count": 44142,
                                                    "is_parallel": true,
                                                    "self": 12.90612669998427,
                                                    "children": {
                                                        "UnityEnvironment._generate_step_input": {
                                                            "total": 8.495516400007892,
                                                            "count": 44142,
                                                            "is_parallel": true,
                                                            "self": 8.495516400007892
                                                        },
                                                        "communicator.exchange": {
                                                            "total": 708.4799778999953,
                                                            "count": 44142,
                                                            "is_parallel": true,
                                                            "self": 708.4799778999953
                                                        },
                                                        "steps_from_proto": {
                                                            "total": 44.49160020000603,
                                                            "count": 44142,